{"cameraMode":{"drawMode":0,"name":"Shaded","section":"Shading Mode"},"sceneLighting":true,"audioPlay":false,"sceneViewState":{"m_AlwaysRefresh":false,"showFog":true,"showSkybox":true,"showFlares":true,"showImageEffects":true,"showParticleSystems":true,"showVisualEffectGraphs":true,"m_FxEnabled":true},"in2DMode":false,"pivot":{"x":2.32442045211792,"y":0.8556586503982544,"z":-6.324929237365723},"rotation":{"x":-0.0004425632068887353,"y":-0.8714250326156616,"z":0.0007811969262547791,"w":-0.4905359148979187},"size":1.6581426858901978,"orthographic":false}