{"cameraMode":{"drawMode":0,"name":"Shaded","section":"Shading Mode"},"sceneLighting":true,"audioPlay":false,"sceneViewState":{"m_AlwaysRefresh":false,"showFog":true,"showSkybox":true,"showFlares":true,"showImageEffects":true,"showParticleSystems":true,"showVisualEffectGraphs":true,"m_FxEnabled":true},"in2DMode":false,"pivot":{"x":23.63031005859375,"y":4.361515045166016,"z":-16.152217864990236},"rotation":{"x":-0.028939131647348405,"y":0.9690974354743958,"z":-0.13903866708278657,"w":-0.20170137286186219},"size":1.7008644342422486,"orthographic":false}