{"cameraMode":{"drawMode":0,"name":"Shaded","section":"Shading Mode"},"sceneLighting":true,"audioPlay":false,"sceneViewState":{"m_AlwaysRefresh":false,"showFog":true,"showSkybox":true,"showFlares":true,"showImageEffects":true,"showParticleSystems":true,"showVisualEffectGraphs":true,"m_FxEnabled":true},"in2DMode":false,"pivot":{"x":-1.342697024345398,"y":0.3569677472114563,"z":-1.805208444595337},"rotation":{"x":-0.0022588707506656648,"y":-0.9928774237632752,"z":0.11760351806879044,"w":-0.01906922645866871},"size":1.934110403060913,"orthographic":false}