{"cameraMode":{"drawMode":0,"name":"Shaded","section":"Shading Mode"},"sceneLighting":false,"audioPlay":false,"sceneViewState":{"m_AlwaysRefresh":false,"showFog":true,"showSkybox":false,"showFlares":true,"showImageEffects":true,"showParticleSystems":true,"showVisualEffectGraphs":true,"m_FxEnabled":true},"in2DMode":false,"pivot":{"x":-3.1225783824920656,"y":0.9995895624160767,"z":-4.404458045959473},"rotation":{"x":-0.00030640760087408125,"y":-0.9996925592422485,"z":0.01889440417289734,"w":-0.016200097277760507},"size":0.5797004103660584,"orthographic":false}